persona_id,stage_id,goal,action,channels,pains,emotion_value,emotion_value2,emotion_term,emotion_note,aha,data,voice,opportunities,tasks
P1,1,"понять мир/себя яснее; ощущение, что не хватает цельной системы.",переживает внутренний запрос; потребляет разрозненный контент (не обязательно «философию»).,YouTube АО (фоном); Instagram школы.,знания не складываются в систему; поверхностный контент выветривается; нет проводника — «варюсь один». 🟢,0,,Pensiveness (задумчивость),"Запрос зреет фоном: знания не складываются в систему, но события-кризиса нет. Мягкая задумчивость внешнего кольца — ноль, а не минус: ему не больно, ему не хватает.",—,🔴 этап неизмерим в GA; запрос никак не поймать.,"🟢 R8: «Философия фигурировала, но на периферии… не было целостного подхода».",короткие «болевые» форматы под триггеры (Shorts/Reels) → ведут на длинную лекцию.,Серия Shorts/Reels под триггеры с UTM. Владелец: SMM. Impact: высокий. Effort: средний. Метрика: охват + CTR в длинную лекцию.
P1,2,"понять, что за Школа у АО и есть ли там «путь глубже роликов».",видит анонс Школы в видео/описании канала; кликает ссылку из описания. 🟢,"YouTube (описание, анонс в ролике) → www. 🟢",в описании несколько ссылок без пояснений — «куда именно идти?»; ссылка иногда ведёт сразу в Circle. 🟢,1,,Interest (интерес),"Анонс Школы отвечает на многолетнее ожидание «пути глубже роликов» — интерес, но ещё не решение: одно касание, среднее кольцо.",—,"🟢 YouTube — единственный сильный канал: 9,35% визит→подписка (vs ~5%); 🟢 «Элиты»: 3 ссылки без UTM; 🟢 Direct 43–46% не атрибутируется.","🟢 R8: «Будучи подписанным на канал несколько лет, я с большим интересом воспринял новость об открытии школы».",1 видео = 1 ссылка с UTM на посадочную www (не в Circle); анонс-связка «ролик → страница темы».,UTM-дисциплина всех ссылок канала. Владелец: SMM. Impact: высокий. Effort: низкий. Метрика: доля размеченных сессий; % Direct ↓. СТАТУС: в работе ✓
P1,3,"за 2 минуты понять, «что здесь есть и что из этого — моё».",сканирует главную; открывает «Школа»/«курсы»; уходит «подумать» (мульти-визит). 🟢,"www: главная, страницы продуктов; мобильный. 🟢",сущностей много — «карта города» не считывается; сайт грузится медленно; нет «начни здесь». 🟢,1,,Anticipation (предвкушение),"Уже предвкушает «моё место», но сайт заставляет разбираться (грузится медленно, «карты города» нет) — потому предвкушение не поднимается выше +1.",—,"🟢 LCP 5,7 с; dead clicks 8%; 95% визитов — без клика на подписку.","🟢 R22: «Кто-то же должен сделать всё как надо! Когда увидел Школу — понял, именно этого я искал».",карта продуктов «город» на одном экране; квиз «с чего начать»; ускорение загрузки.,"1) Перф-аудит Wix (Тарас; LCP < 2,5 с). 2) Квиз-роутер (Дизайн+Tech; % прошедших; CTR в дверь). СТАТУС: квиз = ФОКУС, концепты готовы."
P1,4,"решить, за что платить, если лекции бесплатны на YouTube; выбрать School vs курс.","изучает страницу курса/тарифы; ищет цену, программу; сравнивает с YouTube. 🟢","/course, тарифы, /samopoznanie. 🟢",на странице курса НЕТ ЦЕНЫ; разница Школа/курс/Полис не объяснена; ценность против бесплатного YouTube не сформулирована. 🟢,-1,,Annoyance (досада),"Готов сравнивать и решать — а цены на странице курса нет. Досада, а не гнев: решение откладывается, но интерес жив (Clarity: сессии по 5–19 минут).","MoT №1: «мне хватает фактов, чтобы решиться?» — сейчас чаще НЕТ. 🟢",🟢 /course без цен; 🟢 Clarity: ~10 сессий читали 5–19 мин и не записались; 🟢 «Элиты»: 68 новых → 0 чекаутов.,🟢 ушедшая №1: «Мне очень понравилась программа…» (интерес есть — ломается дальше).,цена + CTA на каждой странице курса; блок «Школа vs курс vs YouTube» (порядок · отклик · путь); FAQ «сколько времени нужно».,⭐ Цены на страницы курсов. Владелец: директор + Tech. Impact: ВЫСОКИЙ. Effort: низкий. Метрика: CTR страница→чекаут.
P1,5,"убедиться: «это серьёзно, мне подойдёт, я потяну».",перечитывает программу; ищет отзывы и «как внутри»; прикидывает время/деньги; откладывает.,"www, отзывы, соцдоказательства.","не видно «как внутри» (Circle снаружи не показан); страх «куплю и заброшу»; нет отзывов «таких, как я». 🟡",-1,,Apprehension (опасение),"Фактов мало, «как внутри» не видно — включается опасение «куплю и заброшу». Знак минус: сомнение уже тормозит, но конфликта ещё нет.",MoT №2: «решаюсь / откладываю» — сейчас чаще «отложил и остыл». 🟡,🟢 мульти-визиты до покупки; 🔴 причины откладывания не измеряются.,🟢 R4: «Переслушивала снова и снова… очень хотела понять».,видео-тур «Школа изнутри за 2 минуты»; блок «первые 14 дней»; отзывы с профессиями.,Видео-тур + блок «первые 2 недели» (Дизайн+SMM; конверсия страницы в чекаут). Отзывы из опроса — быстрая задача.
P1,6,"попробовать без риска; оставить контакт, «не продавая душу».",жмёт «подписаться»; начинает форму; бросает на середине. 🟢,форма Wix; переход в Circle-регистрацию.,форма длинная/казённая; регистрация в незнакомой Circle ДО понимания ценности. 🟢,-2,,Anger (злость),"Форма теряет 92% начавших: он готов оставить контакт, а его ведут регистрироваться в незнакомую Circle до понимания ценности. Злость сильнее досады: барьер рукотворный и, с его инженерной точки зрения, бессмысленный.",—,🟢 form_start 529 → submit 41 (−92%); 🟢 лид-магнита нет (download 37); 🟢 «Элиты»: логин-стена отсекает новых.,🟢 ушедшая №4: «Не понравилась организация сайта и доступа к курсу».,квиз вместо формы (только email); лид-магнит «результат квиза + PDF»; автописьмо сразу.,⭐ ФОКУС: квиз + email-захват (концепты 3×2 + ТЗ S1 готовы). Владелец: Заказчик (выбор) + Дизайн + Tech + SMM. Метрика: form CR 8% → 30%+.
P1,7,"дозреть в своём темпе, не потеряв интереса.",смотрит новые видео АО; изредка возвращается; ждёт «знака».,YouTube; email (почти пусто); повторные Direct-заходы.,между визитами Школа молчит — интерес остывает. 🟡,0,,Boredom (остывание),"Школа молчит между визитами — эмоция не отрицательная, а никакая: остывание. Ноль здесь опаснее минуса: минус помнят, ноль забывают.",—,🟢 email-цепочки нет; 🟢 повторные визиты = Direct (не атрибутируются); 🟡 зритель зреет месяцами.,🟢 R16: «Старался обучаться через его видео… очень обрадовался открытию Школы».,welcome-цепочка 3–5 писем по мотиву из квиза; дайджест «что было в Полисе».,Welcome-серия (SMM; open rate; лид→оплата %). Появится вместе с квизом.
P1,8,"заплатить быстро, надёжно, привычным способом.",жмёт «купить» → Circle-чекаут (Stripe); карта РФ не проходит; ретраит; уходит. 🟢,Circle checkout (Stripe); узел /checkout. ШОВ Wix→Circle.,«я ГОТОВ платить — и не могу»: РФ-карты не принимаются; чужая платформа на самом ответственном шаге. 🟢,-2,,Rage (ярость) — ДНО,"«Я готов платить — и не могу»: деньги в руке, отказ по техническим причинам (карты РФ/UA). Самая злая из возможных ситуаций — потому центр колеса, ярость, а не «досада». Дно всей карты.",⭐⭐ MoT №3 — ГЛАВНЫЙ: срыв на оплате. 🟢,🟢 1011 чекаут-людей → 97 подписок School (~10:1); 🟢 failed payment 6% — люди не НАЧИНАЮТ оплату; 🟢 РФ+UA ≈ 44% аудитории.,🟢 ушедшая №1: «Не смогла технически перевести деньги»; «…рассрочка и доступный способ оплаты».,PayPal (UA/диаспора) + отдельный маршрут для РФ + страница «Как оплатить из вашей страны».,⭐⭐ Остаток дыры №1: PayPal + решение РФ. Владелец: Заказчик + Tech. СТАТУС: Klarna ✓ подключена (рассрочка EU); РФ не решена.
P1,9,"понять, куда попал и с чего начать; не почувствовать себя глупым.",логинится в Circle; блуждает; ищет «начало»; смотрит первую лекцию; молчит. 🟢,"Circle (пространства, форум); onboarding-письма (если есть).",навигация запутана; нет «начни здесь»; страшно написать первый пост («тихий новичок»); «я тут один». 🟢,-1,,Distraction (растерянность),"Заплатил — и заблудился: навигация запутана, «начни здесь» нет. Растерянность, а не злость: он уже внутри и настроен разобраться.",MoT №4: первый ОТКЛИК школы на его действие. 🟡,🔴 Circle — слепая зона GA; 🟢 North Star (модуль 1 + возврат 30 дн) не измеряется.,"🟢 R23: «Трудности находить видеозаписи, конспекты»; 🟢 R22: «Непонятно, как попасть в группу».",трек «Начни здесь» (5 шагов до первого отклика); buddy на 30 дней; видео-гид.,«Начни здесь» + замер North Star → детали на онбординг-сессии. Владелец: Кураторы + Tech + Аналитика.
P1,10,"держать ритм, видеть прогресс, получать отклик.",смотрит лекции (в записи); конспектирует; читает форум молча.,"Circle: лекции, форум, клубы; Telegram-группы.",нет ощущения прогресса; ритм сбивает работа; «какие вопросы здесь уместны?». 🟢,1,,Trust (доверие),"Ритм появился, лекции идут — доверие растёт, но хрупко: прогресса не видно, вопросы копятся. Среднее кольцо, не выше.",—,🔴 вовлечённость не измеряется системно; 🟢 отток «жизнь/время» = 4 из 8 ушедших — риск живёт здесь.,"🟢 R4: «Часто стыдно что-либо писать»; 🟢 ушедшая №5: «…организовывались в малые группы, и я написала эссе».",прогресс-трек; куратор с фидбэком ≤7 дней; малые группы «сверху»; random coffee.,Прогресс-вкладка + малые группы под куратором (Circle-админ + Кураторы; % в группах к 30-му дню; retention 60 дн).
P1,11,собрать из услышанного СВОЁ мировоззрение; проверить себя делом.,пишет первое эссе «Моё мировоззрение»; публикует; получает отклик (или откладывает).,форум Circle; аттестация.,страшно вынести своё на публику; эссе без отклика «повисает». 🟢,2,,Amazement (изумление),"Эссе «Моё мировоззрение» плюс отклик: «мир разделился на до и после» (R22). Изумление-трансформация — центр колеса, пик карты.",⭐ MoT №5: эссе + ОТКЛИК = точка невозврата (a-ha = действие + отклик). 🟢,🟢 оставшиеся называют эссе поворотом; 🟡 ушедшие уходят ДО эссе (проверяется локатором).,"🟢 R22: «Мир разделился на до и после»; 🟢 R13: «Не просто письменная работа, а важный этап самопонимания».",гарантированный отклик на первое эссе (SLA ≤7 дн); мягкий дедлайн «эссе в первые 60 дней»; «лестница» из 3 мини-шагов.,SLA отклика на первое эссе ≤7 дн (Кураторы; % новичков с эссе за 60 дн; % эссе с откликом ≤7 дн).
P1,12,встроить Школу в жизнь надолго; расти дальше вводного уровня.,продлевает подписку; идёт в клубы; ИЛИ жизнь сжимает → пауза/отписка.,Circle; платёж продления; клубы.,продление = платёжный квест; «после подписки всё пропадёт»; опции «паузы» нет; «что дальше для меня?». 🟢,1,-1,Trust / вилка: Serenity · Pensiveness 🔴,Вилка: ритм жив — спокойное доверие продлению; жизнь сжала — задумчивость об уходе. Развилка документирована оттоком: «жизнь/время» = 4 из 8 ушедших.,вилка «продлить / пауза / уйти».,"🟢 отток (n=8): жизнь=4, деньги=1, темп=1, UX=1, оплата=1; 🟢 8/8 хотят вернуться; 🟢 Polis −75%, Basic −69%.",🟢 ушедший №7: «Я изначально был настроен продолжать»; 🟢 №8: «Вкладка „мой прогресс“… собрать путь как конструктор».,пауза-подписка; алюмни-доступ; годовой план с рассрочкой (Klarna ✓); продвинутый трек (см. P5).,⭐ Пауза в флоу отмены (Circle-админ) + ⭐ Win-back к сентябрю (SMM+Кураторы; % вернувшихся; 6/8 согласны на Zoom).
P1,13,"отдавать; вести своё; быть «архитектором, а не слушателем».",рекомендует; буддирует новичка; ведёт малую группу; задумывает свой проект.,Circle-роли; внешние площадки.,"путь к роли непрозрачен; титул через 4 года — далеко, промежуточных ролей нет. 🟡",2,,Admiration (восхищение),"Ведёт своих: рекомендует, буддирует новичка. Восхищение — зрелая, устойчивая форма доверия; центр колеса со знаком плюс.","MoT №6: первый СВОЙ вклад (провёл встречу, привёл ученика). 🟡",🔴 рефералы не считаются; 🔴 NPS не замеряется.,🟢 R6: «Ни в коем случае не останавливайтесь — вы нам нужны»; 🟢 R27: «Стал счастливым в этом стремлении».,лестница ролей buddy → модератор → ведущий; реферальная механика; витрина проектов.,Программа ролей + учёт рефералов (Кураторы + Аналитика; % учеников с ролью).
P2,1,вернуть опору: «прежние ориентиры не работают».,перелом (выгорание/переезд/возраст/родительство 🟡); читает всё о смысле; YouTube «для души».,YouTube АО (фоном); Instagram школы.,психология и мотивация «не берут глубину»; «я одна с этими вопросами»; тревога эпохи. 🟢,-1,,Apprehension (тревога),"Её вход — не нейтральный, как у Дмитрия: перелом (выгорание, переезд, возраст). Тревога эпохи давит — минус уже на старте пути.",—,🔴 этап неизмерим в GA; запрос никак не поймать.,"🟢 R25: «Понять, почему мой опыт и события в мире вступили в такие жуткие противоречия».",контент под кризисные триггеры; SEO «смысл жизни / кризис 40» 🟡; родительский угол.,Контент-серия под триггеры перелома (SMM; CTR триггерных роликов в «дверь»).
P2,2,"понять, что за Школа у АО и есть ли там «путь глубже роликов».",видит анонс Школы в видео/описании канала; кликает ссылку из описания. 🟢,"YouTube (описание, анонс в ролике) → www. 🟢",в описании несколько ссылок без пояснений — «куда именно идти?»; ссылка иногда ведёт сразу в Circle. 🟢,0,,Interest,"Луч интереса сквозь тревогу: узнаёт о Школе случайно, слушала «для души». Ноль: интерес ещё не стал надеждой.",—,"🟢 YouTube — единственный сильный канал: 9,35% визит→подписка (vs ~5%); 🟢 «Элиты»: 3 ссылки без UTM; 🟢 Direct 43–46% не атрибутируется.","🟢 R8: «Будучи подписанным на канал несколько лет, я с большим интересом воспринял новость об открытии школы».",1 видео = 1 ссылка с UTM на посадочную www (не в Circle); анонс-связка «ролик → страница темы».,UTM-дисциплина всех ссылок канала. Владелец: SMM. Impact: высокий. Effort: низкий. Метрика: доля размеченных сессий; % Direct ↓. СТАТУС: в работе ✓
P2,3,"найти путь и проводника, а не «ещё один курс».",сканирует главную; открывает «Школа»/«курсы»; уходит «подумать» (мульти-визит). 🟢,"www: главная, страницы продуктов; мобильный. 🟢","сайт говорит терминами продуктов, а не её состояния. 🟡",1,,Optimism (надежда),"На сайте мелькает надежда «может, здесь мой путь». Плюс один, не выше: сайт говорит терминами продуктов, а не её состояния.",—,"🟢 LCP 5,7 с; dead clicks 8%; 95% визитов — без клика на подписку.","🟢 R22: «Кто-то же должен сделать всё как надо! Когда увидел Школу — понял, именно этого я искал».",экзистенциальная «дверь» на языке состояния; «Самопознание» на видное место (✓ сделано на стр. курсов).,"1) Перф-аудит Wix (Тарас; LCP < 2,5 с). 2) Квиз-роутер (Дизайн+Tech; % прошедших; CTR в дверь). СТАТУС: квиз = ФОКУС, концепты готовы."
P2,4,выбрать ГОТОВЫЙ путь: «ведите меня».,"сравнивает не с YouTube, а с терапией, ретритами, другими школами. 🟡","/course, тарифы, /samopoznanie. 🟢","«нужен готовый маршрут, а не конструктор». СТАТУС: «Самопознание» виден ✓; на странице нет захвата.",-1,,Annoyance,"«Мне нужен готовый маршрут, а не конструктор» — а её идеальный продукт («Самопознание») на сайте не находится. Досада поиска, не гнев.",MoT: «здесь есть готовый путь именно для моего состояния». 🟡,🟢 запуск маршрута = цель заказчика на сентябрь.,🟢 ушедшая №1: «Мне очень понравилась программа…» (интерес есть — ломается дальше).,квиз S1 «Насколько вы себя знаете?» на странице маршрута (ТЗ готово).,⭐ S1 на /samopoznanie (Дизайн + Tech + SMM; email ≥45% завершивших).
P2,5,"убедиться: «мне здесь будет бережно, я потяну».",перечитывает программу; ищет отзывы и «как внутри»; прикидывает время/деньги; откладывает.,"www, отзывы, соцдоказательства.",страх «слишком умно для меня»; страх темпа. 🟢,-1,,Apprehension,"«Потяну ли со своей загрузкой? Не слишком ли умно для меня?» Опасение за себя, а не претензия к школе — потому тревожный лепесток, не злой.",MoT: «мне будет бережно?» 🟡,🟢 мульти-визиты до покупки; 🔴 причины откладывания не измеряются.,"🟢 R13 (Q7): «поддержка тех, кто боится говорить вслух».","истории «таких же» (женщина-руководитель, врач); FAQ «сколько часов в неделю»; «можно просто слушать».",Видео-тур + блок «первые 2 недели» (Дизайн+SMM; конверсия страницы в чекаут). Отзывы из опроса — быстрая задача.
P2,6,"попробовать без риска; оставить контакт, «не продавая душу».",жмёт «подписаться»; начинает форму; бросает на середине. 🟢,форма Wix; переход в Circle-регистрацию.,формы и технические шаги — барьер (не технарь): «форма −92%» бьёт по ней сильнее всех. 🟡,-1,,Annoyance,"Формы и логины — реальный барьер: она не технарь. Провал формы (−92%) бьёт по ней сильнее всех, но винит она себя, не сервис — потому −1, а не −2.",—,🟢 form_start 529 → submit 41 (−92%); 🟢 лид-магнита нет (download 37); 🟢 «Элиты»: логин-стена отсекает новых.,🟢 ушедшая №4: «Не понравилась организация сайта и доступа к курсу».,квиз вместо формы (только email); лид-магнит «результат квиза + PDF»; автописьмо сразу.,⭐ ФОКУС: квиз + email-захват (концепты 3×2 + ТЗ S1 готовы). Владелец: Заказчик (выбор) + Дизайн + Tech + SMM. Метрика: form CR 8% → 30%+.
P2,7,дозреть безопасно: посмотреть на людей и тон.,читает письма-истории; приходит на открытое событие. 🟡,YouTube; email (почти пусто); повторные Direct-заходы.,между визитами Школа молчит — интерес остывает. 🟡,0,,Pensiveness,"Дозревает в раздумье: перечитывает письма и страницы, ждёт знака. Ноль — обдумывание без движения.",—,🟢 email-цепочки нет; 🟢 повторные визиты = Direct (не атрибутируются); 🟡 зритель зреет месяцами.,🟢 R16: «Старался обучаться через его видео… очень обрадовался открытию Школы».,прогрев ей НУЖЕН: письма-истории + открытый симпосий/вебинар с АО.,Цепочка «история → открытое событие → оффер» (SMM; событие→оплата %).
P2,8,"заплатить быстро, надёжно, привычным способом.",жмёт «купить» → Circle-чекаут (Stripe); карта РФ не проходит; ретраит; уходит. 🟢,Circle checkout (Stripe); узел /checkout. ШОВ Wix→Circle.,рассрочка критична для €600 — Klarna ✓ решает для EU; РФ-часть аудитории — нет. Остальное = P1.,-2,,Fear (страх) — ДНО,"Большая сумма при семейном бюджете, рассрочки нет. Страх, а не ярость: у Дмитрия здесь отказывает техника, у неё — решимость. Сила та же (дно), лепесток другой.",⭐⭐ MoT №3 — ГЛАВНЫЙ: срыв на оплате. 🟢,🟢 1011 чекаут-людей → 97 подписок School (~10:1); 🟢 failed payment 6% — люди не НАЧИНАЮТ оплату; 🟢 РФ+UA ≈ 44% аудитории.,🟢 ушедшая №1: «Не смогла технически перевести деньги»; «…рассрочка и доступный способ оплаты».,PayPal (UA/диаспора) + отдельный маршрут для РФ + страница «Как оплатить из вашей страны».,⭐⭐ Остаток дыры №1: PayPal + решение РФ. Владелец: Заказчик + Tech. СТАТУС: Klarna ✓ подключена (рассрочка EU); РФ не решена.
P2,9,"начать так, чтобы не надорваться.",логинится в Circle; блуждает; ищет «начало»; смотрит первую лекцию; молчит. 🟢,"Circle (пространства, форум); onboarding-письма (если есть).","«с чего начать, если у меня 3 часа в неделю?»; страх отстать. 🟢",-1,,Submission (доверилась + робеет),"Доверилась и робеет: «с чего начать, если у меня 3 часа в неделю?» Подчинение-принятие со знаком минус — страх отстать с первых недель.",MoT: «меня приняли» — первый личный отклик. 🟡,🔴 Circle — слепая зона GA; 🟢 North Star (модуль 1 + возврат 30 дн) не измеряется.,"🟢 R23: «Трудности находить видеозаписи, конспекты»; 🟢 R22: «Непонятно, как попасть в группу».",траектория «медленный старт»; личное приветствие куратора; buddy.,«Начни здесь» + замер North Star → детали на онбординг-сессии. Владелец: Кураторы + Tech + Аналитика.
P2,10,"держать ритм, видеть прогресс, получать отклик.",смотрит лекции (в записи); конспектирует; читает форум молча.,"Circle: лекции, форум, клубы; Telegram-группы.",ГЛАВНЫЙ риск — темп: работа+семья; «отстала — стыдно возвращаться». 🟢,0,,Interest / Apprehension (качели),"Качели «втянулась ↔ отстаю»: работа и семья сбивают ритм. Ноль — среднее качелей; именно здесь её главный риск оттока («слишком интенсивно», ушедшие №5, №6).",—,🔴 вовлечённость не измеряется системно; 🟢 отток «жизнь/время» = 4 из 8 ушедших — риск живёт здесь.,🟢 ушедшая №5: «Слишком интенсивная программа»; №6: «Более медленный темп».,медленный трек; «догоняющие» окна; малые группы по уровню загрузки.,⭐ Медленный трек (Кураторы; retention 60–90 дн сегмента).
P2,11,собрать из услышанного СВОЁ мировоззрение; проверить себя делом.,пишет первое эссе «Моё мировоззрение»; публикует; получает отклик (или откладывает).,форум Circle; аттестация.,страшно вынести своё на публику; эссе без отклика «повисает». 🟢,2,,Ecstasy (восторг) — пик,"Эссе как акт самопонимания: «не просто письменная работа» (R13). Восторг, центр колеса: ради этого всё и было.",⭐ MoT №5: эссе + ОТКЛИК = точка невозврата (a-ha = действие + отклик). 🟢,🟢 оставшиеся называют эссе поворотом; 🟡 ушедшие уходят ДО эссе (проверяется локатором).,🟢 R13: «В процессе написания эссе я смогла глубже посмотреть на себя… важный этап самопонимания» (её пик).,гарантированный отклик на первое эссе (SLA ≤7 дн); мягкий дедлайн «эссе в первые 60 дней»; «лестница» из 3 мини-шагов.,SLA отклика на первое эссе ≤7 дн (Кураторы; % новичков с эссе за 60 дн; % эссе с откликом ≤7 дн).
P2,12,встроить Школу в жизнь надолго; расти дальше вводного уровня.,продлевает подписку; идёт в клубы; ИЛИ жизнь сжимает → пауза/отписка.,Circle; платёж продления; клубы.,"её отток = «жизнь сжала» (№2, №5, №6, №7 из 8); хочет камерности с АБ (3 из 8). 🟢",1,-1,вилка: Trust / Remorse (сожаление),Вилка: ритм найден — доверие и продление; «отстала — стыдно возвращаться» — сожаление. Это документированный сценарий «жизнь сжала» из опроса ушедших.,вилка «продлить / пауза / уйти».,"🟢 отток (n=8): жизнь=4, деньги=1, темп=1, UX=1, оплата=1; 🟢 8/8 хотят вернуться; 🟢 Polis −75%, Basic −69%.",🟢 ушедший №7: «Я изначально был настроен продолжать»; 🟢 №8: «Вкладка „мой прогресс“… собрать путь как конструктор».,пауза-подписка; «вернись с того места»; камерные встречи с АБ малой группой.,Камерный формат с АБ (АО + Кураторы; retention участников; % пауз вместо отписок).
P2,13,"отдавать; вести своё; быть «архитектором, а не слушателем».",рекомендует «таким же на переломе»; делится историей трансформации.,Circle-роли; внешние площадки.,"путь к роли непрозрачен; титул через 4 года — далеко, промежуточных ролей нет. 🟡",2,,Love (привязанность),"Благодарная привязанность: рекомендует «таким же на переломе», делится историей трансформации — любовь, не просто доверие.","MoT №6: первый СВОЙ вклад (провёл встречу, привёл ученика). 🟡",🔴 рефералы не считаются; 🔴 NPS не замеряется.,🟢 R6: «Ни в коем случае не останавливайтесь — вы нам нужны»; 🟢 R27: «Стал счастливым в этом стремлении».,её истории = «Голоса Полиса» + материал для экзистенциальной двери лендинга.,Программа ролей + учёт рефералов (Кураторы + Аналитика; % учеников с ролью).
P3,1,«перестать быть одна со своими мыслями» в новой стране.,ищет русскоязычные сообщества и лектории; YouTube АО = «голос дома».,YouTube АО (фоном); Instagram школы.,одиночество мысли; местная среда — не про то и не на том языке. 🟢,-1,,Sadness (одиночество),"Одиночество мысли в чужой языковой среде: вход через грусть — не через кризис (P2) и не через интерес (P1, P4).",—,"🟢 ~половина опрошенных — диаспора, 12+ стран.",🟢 R6: «чувствовал ностальгию по Вечному».,"контент-угол «свои на родном языке, где бы вы ни были».",Серия Shorts/Reels под триггеры с UTM. Владелец: SMM. Impact: высокий. Effort: средний. Метрика: охват + CTR в длинную лекцию.
P3,2,понять: «там живые люди — или это курсы?»,видит анонс Школы в видео/описании канала; кликает ссылку из описания. 🟢,"YouTube (описание, анонс в ролике) → www. 🟢","сайт показывает контент и тарифы, а не людей. 🟢",1,,Interest,YouTube АО — «голос дома»: интерес с теплом узнавания. Сразу плюс: доверие к языку и уровню уже есть.,—,"🟢 YouTube — единственный сильный канал: 9,35% визит→подписка (vs ~5%); 🟢 «Элиты»: 3 ссылки без UTM; 🟢 Direct 43–46% не атрибутируется.","🟢 R8: «Будучи подписанным на канал несколько лет, я с большим интересом воспринял новость об открытии школы».",1 видео = 1 ссылка с UTM на посадочную www (не в Circle); анонс-связка «ролик → страница темы».,UTM-дисциплина всех ссылок канала. Владелец: SMM. Impact: высокий. Effort: низкий. Метрика: доля размеченных сессий; % Direct ↓. СТАТУС: в работе ✓
P3,3,"за 2 минуты понять, «что здесь есть и что из этого — моё».",сканирует главную; открывает «Школа»/«курсы»; уходит «подумать» (мульти-визит). 🟢,"www: главная, страницы продуктов; мобильный. 🟢",сущностей много — «карта города» не считывается; сайт грузится медленно; нет «начни здесь». 🟢,1,,Anticipation,"Ищет на сайте не программу, а людей: предвкушение среды, надежда найти своих.",—,"🟢 LCP 5,7 с; dead clicks 8%; 95% визитов — без клика на подписку.","🟢 R22: «Кто-то же должен сделать всё как надо! Когда увидел Школу — понял, именно этого я искал».",карта продуктов «город» на одном экране; квиз «с чего начать»; ускорение загрузки.,"1) Перф-аудит Wix (Тарас; LCP < 2,5 с). 2) Квиз-роутер (Дизайн+Tech; % прошедших; CTR в дверь). СТАТУС: квиз = ФОКУС, концепты готовы."
P3,4,выбрать дверь в СРЕДУ.,смотрит Полис €50 (не School!).,"/course, тарифы, /samopoznanie. 🟢",«кто там? как часто встречи? в моём часовом поясе?» — страница не отвечает. 🟢,0,,Pensiveness,"Страница Полиса не отвечает: «кто там? как часто встречи? в моём часовом поясе?» Задумчивость — нейтральная пауза: оффер не отвергнут, но и не подтверждён.",MoT: «там есть МОИ». 🟡,🟢 Полис ≈ 50 покупок vs School 350; дверь −75%.,🟢 ушедшая №1: «Мне очень понравилась программа…» (интерес есть — ломается дальше).,"страница Полиса = витрина среды: календарь живых встреч, лица, «как проходит вечер», голоса.",⭐ Редизайн /polis под среду (Дизайн; конверсия /polis).
P3,5,"убедиться: «это серьёзно, мне подойдёт, я потяну».",перечитывает программу; ищет отзывы и «как внутри»; прикидывает время/деньги; откладывает.,"www, отзывы, соцдоказательства.",«приду — и буду опять одна среди чужих?» 🟡,-1,,Apprehension,«Приду — и буду опять одна среди чужих?» Опасение повторить эмигрантский опыт уже внутри школы.,MoT №2: «решаюсь / откладываю» — сейчас чаще «отложил и остыл». 🟡,🟢 мульти-визиты до покупки; 🔴 причины откладывания не измеряются.,🟢 R4: «Переслушивала снова и снова… очень хотела понять».,«Голоса Полиса» (концепт есть 🟢); открытый квартальный симпосий как «пробник» среды.,Цепочка «открытый симпосий → Полис» (SMM + Модераторы; событие→оплата %).
P3,6,"попробовать без риска; оставить контакт, «не продавая душу».",жмёт «подписаться»; начинает форму; бросает на середине. 🟢,форма Wix; переход в Circle-регистрацию.,форма длинная/казённая; регистрация в незнакомой Circle ДО понимания ценности. 🟢,-1,,Annoyance,Формы и PDF-магниты — не её вход: ей нужно живое событие. Досада на несоответствие формата мотиву.,—,🟢 form_start 529 → submit 41 (−92%); 🟢 лид-магнита нет (download 37); 🟢 «Элиты»: логин-стена отсекает новых.,🟢 ушедшая №4: «Не понравилась организация сайта и доступа к курсу».,лид-магнит для неё = приглашение на живое открытое событие (не PDF).,⭐ ФОКУС: квиз + email-захват (концепты 3×2 + ТЗ S1 готовы). Владелец: Заказчик (выбор) + Дизайн + Tech + SMM. Метрика: form CR 8% → 30%+.
P3,7,"дозреть в своём темпе, не потеряв интереса.",смотрит новые видео АО; изредка возвращается; ждёт «знака».,YouTube; email (почти пусто); повторные Direct-заходы.,между визитами Школа молчит — интерес остывает. 🟡,0,,Distraction,"Без приглашения на открытую встречу внимание рассеивается: ни обиды, ни интереса — рассеяние.",—,🟢 email-цепочки нет; 🟢 повторные визиты = Direct (не атрибутируются); 🟡 зритель зреет месяцами.,🟢 R16: «Старался обучаться через его видео… очень обрадовался открытию Школы».,welcome-цепочка 3–5 писем по мотиву из квиза; дайджест «что было в Полисе».,Welcome-серия (SMM; open rate; лид→оплата %). Появится вместе с квизом.
P3,8,"заплатить быстро, надёжно, привычным способом.",жмёт «купить» → Circle-чекаут (Stripe); карта РФ не проходит; ретраит; уходит. 🟢,Circle checkout (Stripe); узел /checkout. ШОВ Wix→Circle.,«я ГОТОВ платить — и не могу»: РФ-карты не принимаются; чужая платформа на самом ответственном шаге. 🟢,-1,,Annoyance,"Оплата мешает, но сумма Полиса (€50) не пугает: досада на способ, не страх и не ярость.",⭐⭐ MoT №3 — ГЛАВНЫЙ: срыв на оплате. 🟢,🟢 1011 чекаут-людей → 97 подписок School (~10:1); 🟢 failed payment 6% — люди не НАЧИНАЮТ оплату; 🟢 РФ+UA ≈ 44% аудитории.,🟢 ушедшая №1: «Не смогла технически перевести деньги»; «…рассрочка и доступный способ оплаты».,PayPal (UA/диаспора) + отдельный маршрут для РФ + страница «Как оплатить из вашей страны».,⭐⭐ Остаток дыры №1: PayPal + решение РФ. Владелец: Заказчик + Tech. СТАТУС: Klarna ✓ подключена (рассрочка EU); РФ не решена.
P3,9,как можно быстрее оказаться на живой встрече «со своими».,логинится в Circle; блуждает; ищет «начало»; смотрит первую лекцию; молчит. 🟢,"Circle (пространства, форум); onboarding-письма (если есть).",клубы надо искать; расписание неочевидно; часовые пояса. 🟢,2,-2,вилка-MoT: Joy («нашла своих») / Grief («опять одна»),"Самая широкая вилка карты: первая живая встреча в первые 2 недели — «нашла своих», радость в центре колеса; встречи всё нет — «опять одна», горе. Промежутка у её мотива почти нет — среда либо случается, либо нет.",⭐⭐ MoT ГЛАВНЫЙ: первая живая встреча ≤14 дней от оплаты. 🟢,🔴 время «оплата→первая встреча» не измеряется — завести метрику.,"🟢 R22: «непонятно, как попасть в группу».",«первая встреча ≤14 дней» гарантированно (зовёт модератор лично); random coffee; buddy.,⭐ Активация Полиса «встреча ≤14 дней» (Модераторы; медиана дней; retention 60 дн).
P3,10,"ритм жизни в среде: клубы, малые группы, разговор.",ходит в клубы; тянется к малым группам.,"Circle: лекции, форум, клубы; Telegram-группы.",попала «в запись» вместо живого — ценность рушится; часовые пояса режут выбор. 🟢,1,,Acceptance (принята),"Принята в среду: клубы, малые группы, разговор. Принятие — её базовая валюта, ровный плюс.",—,🔴 вовлечённость не измеряется системно; 🟢 отток «жизнь/время» = 4 из 8 ушедших — риск живёт здесь.,🟢 R10: «больше работы в мини-группах»; 🟢 R26: «Не хватает живого общения с преподавателями».,TZ-окна встреч («европейское/американское») 🟡; больше малых групп; random coffee по теме.,Прогресс-вкладка + малые группы под куратором (Circle-админ + Кураторы; % в группах к 30-му дню; retention 60 дн).
P3,11,собрать из услышанного СВОЁ мировоззрение; проверить себя делом.,пишет первое эссе «Моё мировоззрение»; публикует; получает отклик (или откладывает).,форум Circle; аттестация.,страшно вынести своё на публику; эссе без отклика «повисает». 🟢,2,,Ecstasy («подхватили!»),"«Сказала мысль — группа подхватила»: a-ha Полиса. Восторг, центр колеса.",MoT: «сказала мысль — группа подхватила» = Полис-a-ha. 🟢,🟢 оставшиеся называют эссе поворотом; 🟡 ушедшие уходят ДО эссе (проверяется локатором).,🟢 R6: «Я не один со своими вопросами».,гарантированный отклик на первое эссе (SLA ≤7 дн); мягкий дедлайн «эссе в первые 60 дней»; «лестница» из 3 мини-шагов.,SLA отклика на первое эссе ≤7 дн (Кураторы; % новичков с эссе за 60 дн; % эссе с откликом ≤7 дн).
P3,12,чтобы «город» стал привычным домом.,продлевает подписку; идёт в клубы; ИЛИ жизнь сжимает → пауза/отписка.,Circle; платёж продления; клубы.,«пропустила месяц — выпала из жизни города». 🟡,1,,Serenity (уют),"Город стал привычным домом: ритуалы, дайджест, симпосии. Спокойствие — положительная эмоция низкой интенсивности, и это правильно: дом не должен «гореть».",вилка «продлить / пауза / уйти».,"🟢 отток (n=8): жизнь=4, деньги=1, темп=1, UX=1, оплата=1; 🟢 8/8 хотят вернуться; 🟢 Polis −75%, Basic −69%.",🟢 ушедший №7: «Я изначально был настроен продолжать»; 🟢 №8: «Вкладка „мой прогресс“… собрать путь как конструктор».,"ритуалы среды: регулярные симпосии, дайджест, random coffee; «клубы городов» диаспоры 🟡.",Дайджест Полиса + календарь (Модераторы; возвраты на события).
P3,13,"отдавать; вести своё; быть «архитектором, а не слушателем».",приводит «своих» из локальных чатов эмигрантов. 🟡,Circle-роли; внешние площадки.,"путь к роли непрозрачен; титул через 4 года — далеко, промежуточных ролей нет. 🟡",2,,Love (зовёт своих),Зовёт земляков из локальных чатов: любовь к среде выплёскивается наружу рефералами.,"MoT №6: первый СВОЙ вклад (провёл встречу, привёл ученика). 🟡",🔴 рефералы не считаются; 🔴 NPS не замеряется.,🟢 R6: «Ни в коем случае не останавливайтесь — вы нам нужны»; 🟢 R27: «Стал счастливым в этом стремлении».,реферал «приведи земляка»; открытые события как реферальная воронка.,Программа ролей + учёт рефералов (Кураторы + Аналитика; % учеников с ролью).
P4,1,углубить конкретную тему в СВОЮ картину мира.,"смотрит тематическое видео (кейс «Элиты» = его сценарий 🟢); триггер — тема, не кризис.",YouTube АО (фоном); Instagram школы.,знания не складываются в систему; поверхностный контент выветривается; нет проводника — «варюсь один». 🟢,0,,Interest,"Вход без кризиса: зацепила тема (элиты, теология, истина). Внешнее кольцо интереса — прохладный, взвешенный старт.",—,🔴 этап неизмерим в GA; запрос никак не поймать.,🟢 R15: «Долгий путь… все дороги ведут в Рим (Школу)».,короткие «болевые» форматы под триггеры (Shorts/Reels) → ведут на длинную лекцию.,Серия Shorts/Reels под триггеры с UTM. Владелец: SMM. Impact: высокий. Effort: средний. Метрика: охват + CTR в длинную лекцию.
P4,2,"понять, что за Школа у АО и есть ли там «путь глубже роликов».",видит анонс Школы в видео/описании канала; кликает ссылку из описания. 🟢,"YouTube (описание, анонс в ролике) → www. 🟢",в описании несколько ссылок без пояснений — «куда именно идти?»; ссылка иногда ведёт сразу в Circle. 🟢,1,,Anticipation,Предвкушение: у АО есть целый курс по его теме — можно углубить своё.,—,"🟢 YouTube — единственный сильный канал: 9,35% визит→подписка (vs ~5%); 🟢 «Элиты»: 3 ссылки без UTM; 🟢 Direct 43–46% не атрибутируется.","🟢 R8: «Будучи подписанным на канал несколько лет, я с большим интересом воспринял новость об открытии школы».",1 видео = 1 ссылка с UTM на посадочную www (не в Circle); анонс-связка «ролик → страница темы».,UTM-дисциплина всех ссылок канала. Владелец: SMM. Impact: высокий. Effort: низкий. Метрика: доля размеченных сессий; % Direct ↓. СТАТУС: в работе ✓
P4,3,"за 2 минуты понять, «что здесь есть и что из этого — моё».",из видео идёт СРАЗУ на страницу курса (не на главную). 🟢,"www: главная, страницы продуктов; мобильный. 🟢","ссылка ведёт в Circle-страницу с логином — «мне нужен курс, а не членство». 🟢",1,,Anticipation,"Идёт из видео прямо на страницу курса, минуя главную: предвкушение конкретики, а не «знакомства со школой».",—,"🟢 LCP 5,7 с; dead clicks 8%; 95% визитов — без клика на подписку.","🟢 R22: «Кто-то же должен сделать всё как надо! Когда увидел Школу — понял, именно этого я искал».",карта продуктов «город» на одном экране; квиз «с чего начать»; ускорение загрузки.,"1) Перф-аудит Wix (Тарас; LCP < 2,5 с). 2) Квиз-роутер (Дизайн+Tech; % прошедших; CTR в дверь). СТАТУС: квиз = ФОКУС, концепты готовы."
P4,4,"решить по фактам: что внутри, сколько стоит, когда старт.",читает страницу курса 5–19 минут; ищет цену; уходит ни с чем. 🟢,"/course, тарифы, /samopoznanie. 🟢",НЕТ ЦЕНЫ; программа/даты не полностью; запись через незнакомую Circle. 🟢,-2,,Anger — ДНО 1 (нет цены),"Читает страницу 5–19 минут — а цены нет и программа неполная. Гнев: для человека, ценящего порядок и завершённость, отсутствие базовых фактов читается как неуважение. Его дно — здесь, не на оплате.",⭐⭐ MoT ГЛАВНЫЙ №1: страница курса = вся его воронка. 🟢,🟢 «Элиты»: 134 новых → 68 на странице → 0 чекаутов новых; ~10 сессий 5–19 мин без записи.,🟢 ушедшая №1: «Мне очень понравилась программа…» (интерес есть — ломается дальше).,"публичный лендинг курса на www: цена, программа, лектор, дата, FAQ + email «напомнить о старте».",⭐ Лендинги курсов на www + цена (Tech + Дизайн; новые→чекаут > 0%).
P4,5,"убедиться: «это серьёзно, мне подойдёт, я потяну».",перечитывает программу; ищет отзывы и «как внутри»; прикидывает время/деньги; откладывает.,"www, отзывы, соцдоказательства.","не видно «как внутри» (Circle снаружи не показан); страх «куплю и заброшу»; нет отзывов «таких, как я». 🟡",-1,,Disapproval (разочарование),"«Несерьёзно»: неодобрение — оценочная эмоция консерватора. Мягче гнева, но уже с вердиктом.","MoT: «понятно, что внутри, сколько стоит, когда старт». 🟡",🟢 мульти-визиты до покупки; 🔴 причины откладывания не измеряются.,🟢 R4: «Переслушивала снова и снова… очень хотела понять».,превью-урок / фрагмент лекции на лендинге.,Видео-тур + блок «первые 2 недели» (Дизайн+SMM; конверсия страницы в чекаут). Отзывы из опроса — быстрая задача.
P4,6,"попробовать без риска; оставить контакт, «не продавая душу».",жмёт «подписаться»; начинает форму; бросает на середине. 🟢,форма Wix; переход в Circle-регистрацию.,форма длинная/казённая; регистрация в незнакомой Circle ДО понимания ценности. 🟢,-1,,Annoyance (логин-стена),"Логин-стена ради разовой покупки: «мне нужен курс, а не членство». Досада на навязанный формат.",—,🟢 form_start 529 → submit 41 (−92%); 🟢 лид-магнита нет (download 37); 🟢 «Элиты»: логин-стена отсекает новых.,🟢 ушедшая №4: «Не понравилась организация сайта и доступа к курсу».,лид-магнит = программа курса PDF + «напомнить о старте».,⭐ ФОКУС: квиз + email-захват (концепты 3×2 + ТЗ S1 готовы). Владелец: Заказчик (выбор) + Дизайн + Tech + SMM. Метрика: form CR 8% → 30%+.
P4,7,"дозреть в своём темпе, не потеряв интереса.",смотрит новые видео АО; изредка возвращается; ждёт «знака».,YouTube; email (почти пусто); повторные Direct-заходы.,между визитами Школа молчит — интерес остывает. 🟡,0,,Distraction (остыл),"Остыл и ушёл к делам: тема подождёт. Рассеяние без обиды — и без возврата, если не напомнить.",—,🟢 email-цепочки нет; 🟢 повторные визиты = Direct (не атрибутируются); 🟡 зритель зреет месяцами.,🟢 R16: «Старался обучаться через его видео… очень обрадовался открытию Школы».,welcome-цепочка 3–5 писем по мотиву из квиза; дайджест «что было в Полисе».,Welcome-серия (SMM; open rate; лид→оплата %). Появится вместе с квизом.
P4,8,"заплатить быстро, надёжно, привычным способом.",жмёт «купить» → Circle-чекаут (Stripe); карта РФ не проходит; ретраит; уходит. 🟢,Circle checkout (Stripe); узел /checkout. ШОВ Wix→Circle.,"разовая €220: рассрочка менее критична, СПОСОБ оплаты (РФ/UA) — критичен. = общая задача №1.",-1,,Annoyance,"Способ оплаты мешает, но разовая сумма €220 не критична: досада, не страх (в отличие от P2 с годовой суммой).",⭐⭐ MoT №3 — ГЛАВНЫЙ: срыв на оплате. 🟢,🟢 1011 чекаут-людей → 97 подписок School (~10:1); 🟢 failed payment 6% — люди не НАЧИНАЮТ оплату; 🟢 РФ+UA ≈ 44% аудитории.,🟢 ушедшая №1: «Не смогла технически перевести деньги»; «…рассрочка и доступный способ оплаты».,PayPal (UA/диаспора) + отдельный маршрут для РФ + страница «Как оплатить из вашей страны».,⭐⭐ Остаток дыры №1: PayPal + решение РФ. Владелец: Заказчик + Tech. СТАТУС: Klarna ✓ подключена (рассрочка EU); РФ не решена.
P4,9,"онбординг КУРСА, не Школы: «где мой курс, когда занятия, где материалы».",логинится в Circle; блуждает; ищет «начало»; смотрит первую лекцию; молчит. 🟢,"Circle (пространства, форум); onboarding-письма (если есть).",навигация к купленному курсу. 🟢,0,,Distraction («где мой курс»),"«Где мой курс?» — растерянность навигации, снимается одним письмом с тремя ссылками.",MoT №4: первый ОТКЛИК школы на его действие. 🟡,🔴 Circle — слепая зона GA; 🟢 North Star (модуль 1 + возврат 30 дн) не измеряется.,🟢 ушедшая №4: «Не понравилась организация сайта и доступа к курсу».,письмо «ваш курс: 3 ссылки»; страница курса как единый хаб.,«Начни здесь» + замер North Star → детали на онбординг-сессии. Владелец: Кураторы + Tech + Аналитика.
P4,10,"держать ритм, видеть прогресс, получать отклик.",проходит курс соло; клубы игнорирует; вопросы копит для ЛЕКТОРА.,"Circle: лекции, форум, клубы; Telegram-группы.","домашки без фидбэка лектора; форум «обо всём», а ему — про его тему. 🟡",1,,Interest,"Проходит курс соло, вопросы копит для лектора: ровный рабочий интерес без социальной составляющей.",—,🔴 вовлечённость не измеряется системно; 🟢 отток «жизнь/время» = 4 из 8 ушедших — риск живёт здесь.,🟢 R20: «Хотелось бы коммуникации вне курсов».,Q&A-окна лектора внутри курса; тематическая ветка курса.,Прогресс-вкладка + малые группы под куратором (Circle-админ + Кураторы; % в группах к 30-му дню; retention 60 дн).
P4,11,собрать из услышанного СВОЁ мировоззрение; проверить себя делом.,пишет первое эссе «Моё мировоззрение»; публикует; получает отклик (или откладывает).,форум Circle; аттестация.,страшно вынести своё на публику; эссе без отклика «повисает». 🟢,1,,Surprise («поймал ошибку»),"«Поймал ошибку в своём рассуждении» — интеллектуальное удивление: инструмент лёг в готовую картину мира (R2: теория истины в тех. расследованиях). +1, не +2: у него апгрейд, а не трансформация.",MoT: «поймал ошибку в своём рассуждении» (a-ha курса 🟢) / «инструмент лёг в мою работу/веру».,🟢 оставшиеся называют эссе поворотом; 🟡 ушедшие уходят ДО эссе (проверяется локатором).,🟢 R2 (Теория истины на производстве); 🟢 R16 (инструменты к Писанию).,гарантированный отклик на первое эссе (SLA ≤7 дн); мягкий дедлайн «эссе в первые 60 дней»; «лестница» из 3 мини-шагов.,SLA отклика на первое эссе ≤7 дн (Кураторы; % новичков с эссе за 60 дн; % эссе с откликом ≤7 дн).
P4,12,«что дальше по моей теме?»,курс закончился; доступ истекает; предложения нет → уходит.,Circle; платёж продления; клубы.,обрыв: «курс кончился — и всё?»; доступ пропадает; следующий шаг не предложен. 🟢,-1,,Disapproval — ДНО 2 (обрыв),"Курс кончился — и всё: доступ пропадает, следующий шаг не предложен. Неодобрение обрыва: он был готов продолжать «по своей теме» (R16). Второе дно.",⭐⭐ MoT ГЛАВНЫЙ №2: конец курса = развилка «мостик или обрыв». 🟢,"🟢 покупателей курсов БОЛЬШЕ, чем подписчиков School — крупнейший пул апгрейда.",🟢 ушедший №7: «Я изначально был настроен продолжать»; 🟢 №8: «Вкладка „мой прогресс“… собрать путь как конструктор».,за 2 недели до конца — «ваш следующий шаг»: School со скидкой выпускника / следующий курс / Полис-пробник; алюмни-доступ.,⭐ Мостик курс→School (Кураторы + SMM; % выпускников → School/Полис за 60 дн).
P4,13,"отдавать; вести своё; быть «архитектором, а не слушателем».",рекомендует курс коллегам «по теме»; оставляет отзыв.,Circle-роли; внешние площадки.,"путь к роли непрозрачен; титул через 4 года — далеко, промежуточных ролей нет. 🟡",1,,Trust (рекомендует),"Рекомендует курс коллегам «по теме»: доверие эксперта — сдержанное, без экзальтации, потому +1.","MoT №6: первый СВОЙ вклад (провёл встречу, привёл ученика). 🟡",🔴 рефералы не считаются; 🔴 NPS не замеряется.,🟢 R6: «Ни в коем случае не останавливайтесь — вы нам нужны»; 🟢 R27: «Стал счастливым в этом стремлении».,реферальный код выпускника 🟡; отзыв → на лендинг курса.,Программа ролей + учёт рефералов (Кураторы + Аналитика; % учеников с ролью).
P5,1,рациональный фундамент под собственный путь познания.,годы самообразования и «учений»; слушает АО среди прочих источников.,YouTube; книги; другие школы/курсы (конкуренты её пути).,«эклектика без стержня»; «не с кем проверить мысль всерьёз». 🟡,1,,Interest,Зрелый запрос без кризиса: Школа — очередная ступень собственного пути познания. Плюс на входе — редкость среди персон.,—,"🔴 оффсайт, неизмеримо.","🟡 R-AM (Q3): «хотела прочную базу, систему под всё остальное».",YouTube-рубрика «глубокие разборы первоисточников» — сигнал «здесь есть уровень».,Рубрика «для продолжающих» (SMM + АО; досмотры длинных видео).
P5,2,"понять, есть ли у АО формат «всерьёз и под руководством».",узнаёт о Школе из канала; решение быстрое — доверие к ЛИЧНОСТИ уже есть. 🟡,YouTube → www.,по сайту не видно УРОВНЯ: «это для начинающих?». 🟢,1,,Trust,"Доверие к личности АО накоплено годами: решение зреет быстро, без сравнения альтернатив.",—,🟡 «быстрые» покупатели не выделены в GA.,"🟡 R-AM (Q2): смотрела давно, доверие к личности.",показать лестницу уровней: вводный → продвинутый → аттестация → роли.,Блок «уровни и путь мастера» на www (Дизайн; CTR в раздел).
P5,3,"найти, «что здесь сверх вводного».",сканирует программу; ищет продвинутое.,"www: программа, страницы курсов.",сайт продаёт введение — продвинутый трек невидим. 🟢,0,,Pensiveness («мой уровень?»),"«А есть ли тут мой уровень?» — сайт продаёт введение, продвинутый трек невидим. Задумчивость, не разочарование: она готова проверить изнутри.",—,🟢 страницы продвинутого трека нет.,🟢 R5: «Каждый курс — это только введение в тему…».,"посадочная «для тех, кто уже в пути»: семинары, аттестация, роли, погружения.",Посадочная продвинутого трека (Дизайн + АО; конверсия в заявки).
P5,4,максимум доступа к АО.,"выбирает School €100 (верх лестницы доступа), долго не сравнивая. 🟡",страница тарифов.,"непонятно, СКОЛЬКО реально доступа к АО на тарифе. 🟡",1,,Optimism,Лестница тарифов читается ею как лестница доступа к Учителю: «доступ покупается здесь». Надежда со знаком плюс.,MoT: «доступ к Учителю покупается здесь» — лестница работает. 🟢,🟢 лестница доступа = сильнейшая ось ценности тарифов.,🟡 R-AM (Q5).,"тариф-таблица «доступ к философу» цифрами: X эфиров/мес, вопросы, разборы.",Переписать сравнение тарифов через доступ (Дизайн; конверсия тарифной страницы).
P5,5,«мой уровень здесь уважают?»,"смотрит работы учеников, уровень дискуссий.","www, публичные эссе/форум.",страх смешения с нулевым уровнем — «не будет ли мне скучно». 🟡,0,,Apprehension,"Лёгкое опасение «смешают с новичками» — внешнее кольцо: сомнение есть, решения не меняет.",MoT: «здесь есть равные мне». 🟡,🔴 не измеряется.,🟢 R28: «В погоне за массовым слушателем лекции упрощаются».,витрина сильных эссе и рангов на www.,"Витрина лучших эссе (SMM; время на странице, переходы в чекаут)."
P5,6,войти без бюрократии.,покупает почти сразу — лид-этап короткий.,прямой чекаут.,лишние шаги/квизы раздражают «быстрых». 🟡,1,,Anticipation,"Покупает почти сразу: лид-этап короткий, предвкушение работы. Квизы и прогрев ей только мешали бы.",—,🟡 сегмент «быстрых» не выделен.,—,"не мешать быстрым: прямой чекаут с любой страницы, квиз — необязательный.",— (низкий приоритет).
P5,7,"— (прогрев не нужен, нужна ясность оффера).",пропускает этап.,—,—,0,,Serenity,"Прогрев не нужен — спокойно пропускает этап: ноль как осознанная безмятежность, а не остывание.",—,—,—,сегментировать цепочки: «быстрым» — не капать письмами.,—
P5,8,заплатить и продлеваться без квеста.,вошла 2 года назад; СЕЙЧАС продление из РФ = квест. 🟡,Circle checkout (Stripe).,"продление из РФ (карты не проходят); годовая сумма без рассрочки (Klarna ✓ для EU, РФ — нет). 🟢",-1,,Annoyance (продление РФ),"Продление из РФ — квест: досада, а не ярость, потому что мотивация выше барьера — она уже внутри и платит второй год.",—,🟢 РФ+UA ≈ 44%; 🔴 срывы продлений — запросить Circle Payments.,🟢 паттерн ушедшей №1.,,Письмо-инструкция об оплате при продлении (Кураторы; % успешных продлений РФ/UA).
P5,9,"быстро найти СВОЁ (глубину), мимо базового шума.","осваивает Circle сама; форум — да, клубы — не пошла (К3/К5: «не мой формат» + соло). 🟢","Circle: лекции, форум.",«где здесь моя лига?»; базовые вопросы новичков в общем потоке. 🟡,1,,Acceptance,"Год-1: нашла свой формат (эссе, форум), с платформой справилась сама. Принятие — ровный плюс без эйфории.",MoT: «меня заметили как сильную» — первый отклик преподавателя на её эссе. 🟡,🔴 онбординг не различает новичка и продвинутого.,🟡 R-AM (Q6).,"ветка онбординга «уже с бэкграундом»: сразу к эссе, семинарам, аттестации.",Онбординг-развилка по уровню (Кураторы; % продвинутых с эссе за 30 дн).
P5,10,глубина + диалог на уровне; «всё для меня и моего самообразования».,лекции + вопросы АО в эфире; пишет МНОГО эссе (25); клубы игнорирует; неформально «болтается» в Полисе. 🟢,"Circle: эфиры, форум (эссе).",глубокий разговор некуда отнести — нет неформального формата; отклик на эссе редкий / не от преподавателей (H2); неофиты размывают уровень. 🟢,1,,Admiration → Boredom (к концу года),"Лекции и разборы АО — восхищение; но отклика на эссе мало («пишу, чтобы мне отвечали» — R-AM), «аськи» равных нет — к концу года восхищение тускнеет к скуке. Стрелка внутри одного этапа.",MoT: отклик УЧИТЕЛЯ на её работу = топливо. 🟡,🟢 25 эссе = топ-авторов видно в Circle; 🔴 скорость отклика на эссе не измеряется.,"🟢 R-AM: «хотелось чат тех, кто болтается в Полисе — глубоко, неформально»; 🟢 R20.",«тихая гостиная» (салон) для продвинутых; SLA отклика на эссе топ-авторов; право самоорганизации групп (R28).,⭐ Салон-чат Мастер+ (Модераторы; НИЗКИЙ effort — дешёвый эксперимент; WAU продвинутых). SLA отклика на эссе (Кураторы + АО).
P5,11,расти в мастерстве и получать ПРИЗНАНИЕ уровня.,"год 1: аттестация, ранг «Мастер I» — веха; год 2: ждёт нового уровня, а программа повторяет своё. 🟢","аттестация, форум.",«год 2 = ещё раз год 1»; ранг получен — а ДВЕРЕЙ не открыл. 🟢,-1,,Disapproval («повтор»),"«Год 2 = ещё раз год 1»: ранг получен, а дверей не открыл. Неодобрение — оценка продукта, не обида на людей.",⭐ MoT: «я расту здесь дальше — или я это уже прошла?» (главный вопрос года-2). 🟢,🔴 когорты год-1 vs год-2 не построены; 🟡 отток продвинутых кластеризуется на границе учебных лет.,"🟢 R5: «Возможно ли глубокое изучение Аристотеля, Боэция, Хайдеггера?».","продвинутый семинар первоисточников; ранги открывают двери (салон, право вести группу, приоритет вопросов АО); погружения 1–2 раза в год.",⭐ Продвинутый трек к сентябрю (АО + Кураторы; retention год-2; % Мастеров в семинаре).
P5,12,"продолжать только то, что растит; «не платить за повторение».",решает не идти в год 3 → экзамены теряют смысл → тихо не продлевает. 🟡,"Circle (затихающая активность), продление.","никто не заметил, что топ-автор затихает; нет гибких сроков экзаменов; нет формата «останься иначе». 🟢",-2,,Sadness (тихий уход) — ДНО,"Тихая грусть ухода: никто не заметил, что топ-автор затихает. Не ярость и не страх — печаль: её никто не обидел, ей перестало хватать глубины. Дно её карты — здесь, а не на оплате.",⭐⭐ MoT ГЛАВНЫЙ: «продолжать или нет» перед годом-3. 🟢,🔴 сигнал «активный затих 30 дней» не отслеживается — дешёвый предиктор оттока; 🟢 ушедший №8: «более глубокое содержание».,🟡 R-AM (Q14–17) — вписать цитаты после обработки записи.,early-warning «затихшие активные» → личное касание; экзамены в своём темпе; статус алюмни.,Алерт «активный затих 30 дн» (Circle-админ + Кураторы). Гибкие экзамены (решение АО).
P5,13,"остаться «своей» Школе, даже уйдя; вернуться за новым уровнем.",тепло отзывается; готова рекомендовать; открыта к возврату за продвинутым продуктом. 🟡,личные сети; алюмни-контакт.,некуда возвращаться — нет продукта для «переросших вводное». 🟢,1,,Serenity (тепло сохраняется),"Тепло сохраняется: готова вернуться за продвинутым продуктом. Спокойная привязанность, не активная адвокация — пока звать некуда.","MoT: приглашение, ради которого стоит вернуться. 🟡","🟢 паттерн 8/8 «вернусь»; 🟡 win-back продвинутых = продукт глубины, не скидка.","🟡 R-AM (Q20): формат «спутника, а не станции».",алюмни-круг Мастеров; приглашение на погружение; «вернись досдать».,Win-back-оффер Мастерам к сентябрю (Кураторы + SMM; % вернувшихся Мастеров).
