id,name,door,size_pct,axis_teacher,axis_community,axis_maturity,type,size,background,demographics,personality,goals,motivations,expectations,frustrations,skills,quote,olga,axes_text,economy,confidence,scenario,olga_ladder,olga_offer,improvements,ad_top
P1,Дмитрий,School €100/мес,30,2.5,2.0,1.0,«Технарь за системой мышления»,30% 🟡,"🟢 Годами смотрит АО на YouTube; философией интересовался давно, но «на периферии» — отдельные авторы, ролики, книги, без системы. Пытался выстроить картину сам — не хватало кругозора и порядка «от простого к сложному»; ждал того, кто «сделает как надо». Прошлый опыт: онлайн-курсы, самообразование; на открытие Школы отреагировал сразу. Выученное несёт в работу: «применяю принципы теории истины в технических расследованиях» (R2).","27–40, инженер / программист / SW-инженер. Часто эмигрант/релокант (Любляна, Sunnyvale, Минск, Аделаида), но бывает и «дома» (Москва); русскоязычный. (Демография — не главный различитель, мотив важнее.)","Рациональный интроверт-аналитик: «сначала понять, потом делать»; перфекционист, недоверчив к недоказанному. Интересы: технологии и ИИ (Хабр/Reddit/HN, tech-подкасты), научпоп (физика, космос, мозг), логика и рациональность, шахматы/головоломки; философия — через науку и «системы» (стоицизм как метод). Политику потребляет аналитически, без вовлечения; поп-психологию не уважает. Клубы Полиса: логики-математики, ИИ-группа, философский квартал.","Обрести цельную систему мышления и мировоззрения — мыслить самостоятельно и строго, а не потреблять чужие выводы. Глубинно: интеллектуальное мастерство — стать «архитектором» своих смыслов, а не вечным слушателем. (Не цель: «пройти курс» — это средство.)","Перейти от фрагментов к системе; ощущение растущей ясности и мыслительной силы. Мастерство/компетентность; принадлежность к среде мыслящих («постепенное понимание, что я не один со своими вопросами» — R6).","Ждёт строгости, методичности, движения «от простого к сложному», работы с первоисточниками под руководством, компетентного преподавателя. Свой темп (self-paced).",🟡 Вводные курсы = только введение; хочет глубину — первоисточники под руководством. 🟡 Скепсис «школа одного авторитета» (гипотеза для холодной аудитории; прямой цитаты новичка в опросе нет). 🟢 Незнакомая Circle + чекаут: логин до понимания оффера (кейс «Элиты»). 🟢 Нет цены на странице курса. 🟡 Страх «куплю и заброшу».,"Технически — эксперт (платформы, deep-links, оплата — без барьеров). В философии — новичок: нужен проводник; боится «не дотянуть», задать «глупый» вопрос. → Два регистра общения: интерфейс и покупку НЕ разжёвывать (сам разберётся, «детский» тон оттолкнёт) — а в содержании вести за руку: маршрут «от простого к сложному», глоссарий, явное «глупых вопросов не бывает».","🟢 R22: «Мир разделился на до и после. Мне кажется, я до этого вообще не мыслил самостоятельно». Запасной 🟢 R5: «Философия казалась неприступной — я отчаянно нуждался в руководстве».","Тип пути: Интеллектуальный. Сегмент: «Ищущий саморазвития» (в таблице маршрутизации Ольги — «Ищущий развития»). Ключевой вопрос: «Как понимать, мыслить и видеть мир более ясно?»","Учитель: 🟡 средне-высокая (уважение к эксперту, но скепсис «одного авторитета»). Сообщество: 🟡 средняя (единомышленники приятны, не главный мотив). Зрелость: новичок 🟢 (при экспертности в своём деле).","Дверь: School €100/мес (crossgrade: курс €220). Вес: ~30% базы 🟡; School ≈ 350 подписок 🟢. LTV: высокий при прохождении активации; риски — «куплю и заброшу», оплата РФ/UA.","🟢 портрет из опроса — закреплённые респонденты: R2, R5, R6, R8, R22; поведение на воронке 🟢 (YouTube-конверсия, срыв на шве Wix→Circle). 🟡 опрос — оставшиеся (ошибка выжившего); раннюю/холодную версию проверить интервью.",Тёплый зритель YouTube → оплата School (AS-IS).,"Приходит со ступеней 4–5: «серьёзные источники» пройдены годами на YouTube, созрел запрос на системное обучение. Контент для него — уровня 4–5; мотивационный тон ступени 2 его отталкивает.","По Ольге: маршрут «Архитектор Смыслов» + отдельные курсы. Фактическая дверь: School €100 — по сути совпадает (School и есть системный маршрут), но на витрине это «подписка/уровни», а не «маршрут»: язык пути ему ближе.",1) Шов Wix→Circle: оффер и цена до логина (кейс «Элиты») 🟢. 2) Цена на страницах курсов и School 🟢. 3) Онбординг-активация первых недель — против «куплю и заброшу» 🟡. 4) Дорожка глубины после вводных: первоисточники под руководством (общая с P5) 🟡.,"Реклама: Instagram-баннер цепляет строгой рамкой — «системное образование», «основания», без мотивационной подачи 🟡; вероятнее линия Б (Школа). Риск: маршрут «Самопознание» прочтёт как «психологию» — не кликнет.
Квиз: шкалы и баллы — его язык; В7-B «научиться думать системно» → дверь ШКОЛА; вероятный вердикт «Нет единой картины» 🟡.
Письма: L3 «Мышлению нужен собеседник» (свой вопрос — АО на живой встрече); сверяет School vs курс, сомнение «куплю и заброшу» 🟡."
P2,Марина,School / маршрут €600,30,3.0,2.0,1.0,«Профессионал на переломе»,30% 🟡 (доминирующий мотив по опросу),"🟢 Руководитель/предприниматель/врач-управленец, нередко релокантка; давно слушает АО «для души». Триггер входа — перелом: выгорание, переезд, кризис возраста/ценностей, отношения, рождение ребёнка (🟡 родительский дедлайн: «обрести мировоззрение, пока ребёнок не начал задавать вопросы»).","35–55; РФ/UA/диаспора; доход выше среднего — платить может, время дороже денег.","Ответственный достигатор с высокой эмпатией и фоновой тревожностью; привыкла справляться сама — и устала от этого. Интересы: психология и осознанность (уже разочаровывается в поп-версии), здоровье/йога, литература, лекции об искусстве, родительство и развитие детей. В сети: Telegram-каналы «для души», Instagram, книжные саммари, вебинары. Новостей избегает — «давление эпохи» и так велико. Знает, что «у человека много внутренних голосов и они коварно подменяют друг друга»; идеи мерит проверкой «на универсальность»; редукционизм отвергает: «сужение к биологии, что всё бессмысленно — ясно, что это обман, есть много неизведанного» (R-AS). Клубы Полиса: литературный, квартал искусств, стоицизм.","Прочный смысловой фундамент — ясность в решениях и внутренняя опора в агрессивную эпоху. Стать цельной (в т.ч. для ребёнка 🟡): «среда, где совершенствуется не часть тебя, а целое тебя» (R17). Мерка любого шага: «насколько это меня приблизит к полноте?» (R-AS). Не «пройти курс» — пере-собрать себя.","Опора и ясность; «не про жёсткий контроль над собой, а про большую осознанность, внутреннюю свободу и более честный контакт с собой» (R13); среда уважения (не «тусовка»). R-AS: «мышление само по себе не приносит удовлетворение — оно как инструмент, чтобы потом проживать новое понимание жизни»; «свобода выбора и нет страха следовать своей сути»; глубинный пласт — «действовать из изначального божественного зерна: когда из него действуешь, создаётся определённое поле обстоятельств, людей…».","Бережная среда — «контакт с собой и чувство безопасности» (R-AS); преподаватели «на расстоянии вытянутой руки» (R12); свой темп; живое сопровождение; «быть услышанным и обмениваться, вдохновляться друг другом, чтобы это был живой опыт» (R-AS); готовый маршрут, а не конструктор.","Интенсивность пугает: «успею ли со своей загрузкой» (ушедшие №5, №6). Страх глупо выглядеть (R4). Цена ощутима при семейном бюджете (№2). Сайт говорит терминами продуктов, а не её состояния.","В цифре средняя: формы, логины, незнакомые платформы = реальный барьер (не технарь!). В философии новичок; сильна вербально и управленчески. Времени мало: 3–5 часов в неделю.",🟢 R21: «Мы живём в агрессивную в информационном и смысловом плане эпоху… Без собственных прочных оснований рискуешь быть почти раздавленным». 🟢 R-AS: «Моя базовая потребность — чувствовать свою суть и действовать из неё»; «Мой текущий вопрос к миру — кто я?». Запасная 🟢 R12: «Любопытство и отчаяние».,"Тип пути: Экзистенциальный. Сегменты: «На переломе» + «Уставший от поверхностного». Ключевой вопрос: «Зачем жить, кем быть и куда идти?» — у R-AS дословно: «мой текущий вопрос к миру — кто я?»","Учитель: высокая (доверие к личности = дверь). Сообщество: средняя (бережная среда важна, нетворкинг — нет). Зрелость: новичок.",Дверь: School €100 или маршрут «Самопознание» €600 (идеальный продукт её JTBD; теперь виден ✓); при сжатом бюджете входит разовым курсом (R25). Вес: ~30% 🟡. LTV высокий при удержании темпа; отток = «жизнь сжала».,"🟢 мотив из опроса — закреплённые: R4, R12, R13, R21, R26 (частично R17, R18, R25) + глубинное интервью R-AS (07.2026); 🟡 родительский триггер (n=1);",Перелом → School / маршрут «Самопознание» (AS-IS + TO-BE).,"Приходит со ступени 3 «разочарование в поверхностном» (поп-психология и саммари уже не работают) — в кризисной форме «На переломе». Перехватывать ровно здесь: «не техники, а основания».",По Ольге: тетрадь «Мировоззрение» → курс «Мировоззрение» → маршрут «Самопознание». Полное попадание в наш TO-BE: лендинг + квиз «Самопознание» строят ровно эту лестницу; фрагмент тетради уже стоит финалом квиза.,"1) Маршрут «Самопознание» на витрине + лендинг под рекламу (в работе ✓). 2) Первый экран на языке состояния, а не продуктов 🟢. 3) Онбординг «свой темп»: снять страх «успею ли со своей загрузкой» (ушедшие №5, №6) 🟢. 4) Механики «тихого новичка»: buddy, «можно просто слушать», безопасный первый вопрос 🟡.","Реклама ⭐ ГЛАВНЫЙ адресат: Instagram — понятная ей сеть; «не своя жизнь / инерция» — её сообщение; линия А (/samopoznanie); родительский мотив (В8-D «передать близким») — чаще всего её 🟡.
Квиз: самый высокий отклик — «8 вопросов о вашей жизни» = приглашение поговорить о ней; без логина — для неё важно. В7-A «разобраться в себе» → дверь САМОПОЗНАНИЕ; вероятный вердикт «Шаткие основания» 🟡.
Письма: L3 «Маршрут изнутри» — год, свой темп, малая группа = ответ на «потяну ли»; €600 в рассрочку (Klarna); родительская вставка перед CTA — её дедлайн."
P3,Елена,Полис €50,15,2.0,3.5,1.5,«Ищущая своих» (среда + родной язык),15% 🟡,"🟢 Гуманитарий в эмиграции (Вадстена, Осло, Париж…; вся база — диаспора 12+ стран); вокруг — чужой язык и «не те» разговоры; одиночество мысли. Эмиграция = усилитель, не критерий: тот же мотив бывает и «дома».",30–55; диаспора и большие города; русскоязычная — глубокая мысль только на родном языке.,"Тёплый гуманитарий-коммуникатор, человек языка и связи; эмиграция подтолкнула искать своих онлайн. Интересы: литература и книжные клубы, театр/кино/выставки, история и культура, языки. В сети: русскоязычные чаты своего города, культурные Telegram-каналы, длинные интервью. Политику читает вынужденно (контекст эмиграции) — и ищет «вечное» как противовес новостям. Клубы Полиса: литературный, исторический, киноклуб, чтение канона.","Принадлежность: «быть среди своих» — думающих людей на родном языке. Живой диалог и малые группы, а не библиотека контента.",Среда = дом; родной язык вдали от дома; совместное чтение и разговор.,"Живые встречи, тепло, «меня подхватят»; регулярный ритм событий; встречи в её часовом поясе.","Страница Полиса не показывает людей (лица, встречи, «как проходит вечер»). Клубы надо искать; расписание неочевидно; часовые пояса. «Пропустила месяц — выпала из жизни города».",Цифра средняя; часовые пояса — реальное ограничение; ценит живое (видео-встречи > форум).,"🟢 R27: «Я понял, что хочу быть в окружении осознанных, глубоких людей». Запасная 🟢 R11: «Место для обучения и поиска единомышленников, где ты будешь чувствовать себя на своём месте».","Тип пути: Путь сообщества и созидания. Сегмент: «Ищущий среду». Ключевой вопрос: «С кем идти, где расти и в каком пространстве реализовываться и творить?»","Учитель: средняя (магнит, но не суть). Сообщество: МАКСИМАЛЬНАЯ. Зрелость: новичок-продолжающий.","Дверь: Полис €50 — стратегическая цель заказчика и слабейшая дверь (≈50 покупок, −75% 🟢). Вес: ~15% 🟡. LTV высокий при быстрой активации в среде.","🟢 мотив из опроса — закреплённые: R9, R10, R11, R14, R27 (находка «диаспора 12+ стран» — факт всей базы, не только P3); 🟡 доля и конверсия двери Полис — уточнить когортами.",Эмиграция → Полис (среда на родном языке).,"Приходит со ступени 6 «потребность в живой среде и принадлежности»: учиться сама может, не хватает «с кем». Показывать людей и ритм жизни, а не программу.","По Ольге: «Архитектор Смыслов» + Полис. Данные: дверь Полис слабейшая (≈50 покупок, −75%) — сегмент не мал, витрина не продаёт среду (нет лиц, встреч, ритма). Оффер верный, править страницу.","1) Страница Полиса: лица, живые встречи, «как проходит вечер», ритм месяца 🟢. 2) Расписание и часовые пояса на видном месте 🟢. 3) Активация: первая живая встреча в первые 2 недели 🟡. 4) Механика возвращения после пропуска месяца («выпала из жизни города») 🟡.","Реклама: Instagram — её сеть; издалека цепляют русская речь и слово «сообщество» 🟡; кликает реже — ей нужно увидеть жизнь, а баннер продаёт программу.
На странице ищет живых людей: лица, встречи; держится на слове «сообщество»; отзывы — критичны 🔴.
Квиз: проходит из любопытства; В7-C «найти своих» → дверь ПОЛИС; вероятный вердикт «Не хватает слов» 🟡.
Письма: L3 «Когда не с кем обсудить» — вход «гостем» и есть её первый шаг внутрь; ищет календарь встреч и лица."
P4,Пётр,курс €220,15,2.5,1.5,2.0,«Осмыслитель курсами» (дополняет сложившееся мировоззрение),15% 🟡 (по деньгам дверь крупнейшая: курсы в сумме > School 🟢),"🟢 Сложившаяся картина мира (вера / профессия / опыт); философию берёт как инструмент к готовому фундаменту; выбирает отдельные курсы, не подписку — «пока нет возможности стать постоянным участником школы и полиса, потихоньку буду проходить курсы» (R16): курс = посильный вход, не отказ от большего. «курсами» — это дверь, мотив — дополнить своё.","40–65; профессиональный эксперт, возможно верующий; время ограничено.","Обстоятельный консерватор, самодостаточный; уважает авторитет, порядок и завершённость; решает медленно, но твёрдо. Интересы: вера/теология (R16), история, общественно-политическая аналитика (R15 — дебаты о либертарианстве), классическая литература. В сети: длинные YouTube-лекции (история, богословие, политфилософия), почта; соцсетями почти не пользуется. Клубы Полиса: теологический, исторический, политический кварталы.","Углубить конкретную тему в свою картину мира; инструменты мышления, не «путь трансформации».",Уважение к эксперту-АО; практическая применимость; интеллектуальное удовольствие.,"Законченный продукт: понятная программа, цена, сроки, лектор; без социальных обязательств и «членства».","🟢 НЕТ ЦЕНЫ на странице курса (его главный MoT). 🟢 Регистрация в Circle ради разовой покупки (кейс «Элиты» = его сценарий). «Курс кончился — и всё?» — «хотелось бы, чтобы для онлайн-учеников не во время курсов была какая-то коммуникация» (R20); доступ пропадает. Форум «обо всём» — а ему про его тему.",Цифра средне-низкая; незнакомая платформа ради разовой покупки = сильное трение; ценит законченность («купил → прошёл → доволен»).,🟢 R16: «Мне не хватало этих инструментов осмысления… Истины Писания заиграли новыми гранями». Запасная 🟢 R15: «Формула: откуда я это знаю? на основании чего я это знаю? в отличие от чего я это знаю? Это клад!».,"Тип пути: Интеллектуальный. Сегмент: «Интеллектуальный потребитель». Ключевой вопрос: «Как понимать, мыслить и видеть мир более ясно?» — внутри уже сложившейся картины мира.","Учитель: средне-высокая (уважение к эксперту, без «ученичества»). Сообщество: низко-средняя. Зрелость: продолжающий (в своей рамке — зрелый).","Дверь: курс €220 (разовая). Крупнейший пул апгрейда: покупателей курсов больше, чем подписчиков School, а мостика нет 🟢. LTV сейчас низкий (one-shot) — растёт только мостиком.","🟡 закреплённые: R15, R16, R20 — все трое «слушатели отдельных курсов» (мотив-гипотеза после пересборки). Проверить: интервью 2–3 покупателей курсов без подписки.",Тематическое видео → курс €220 (без подписки).,"Стоит на ступени 4 «серьёзные источники» и сознательно не идёт на 5 (система не нужна, картина сложена). Продавать глубину темы, не «путь»; мостик = мягкое приглашение на ступень 5 после курса.",По Ольге: отдельные курсы должны подводить к Школе. Достроить переход «курс → School» (перенос денег уже существует).,1) Цена на странице курса — его главный MoT 🟢. 2) Покупка без полноценной регистрации в Circle (гостевой чекаут) 🟢. 3) Мостик курс→School: оффер в конце курса + перенос денег (механика уже есть) 🟢. 4) Пост-курсовый доступ/дайджест по его теме вместо форума «обо всём» 🟡.,"Реклама его НЕ ловит: Instagram почти не листает — его каналы YouTube и почта 🟢. Входит прежним путём: тематическое видео → сайт → тот же квиз B1.
Квизы недолюбливает («мне нужен курс, а не тест» 🟡); В7-D «взять тему» → дверь КУРСЫ; вердикт вторичен — идёт за темой, тетрадь = проба формата.
Письма: L3 «Одна тема, разобранная до основания»; решает по фактам: цена, программа, старт 🟢."
P5,Александра,School €100 · LTV max,10,3.5,3.0,3.0,«Соло-мастер за глубиной»,10% 🟡 (максимальный LTV-потенциал),"🟢 Аттестация, эссе, форум. «Иду путём познания»: — Школа встроена в длинный собственный путь.",30–50; не обязательно эмигрант; гуманитарные/свободные профессии или «вторая жизнь» после карьеры; русскоязычная.,"Независимая исследовательница-глубинник: высокая самодисциплина, много пишет, «путь познания» — главный проект жизни. Интересы: символизм, история религий, герменевтика. В сети: нишевые каналы и длинные лекции, первоисточники, минимум соцсетей, массовых трендов избегает. Клубы: не ходит (соло-формат), но глубокую группу равных приняла бы — кандидат №1 в «салон».","Глубина мастерства под руководством Учителя — «всё для меня и моего самообразования». Рациональный фундамент под собственную картину мира. Погружения, а не обзоры.",Мастерство; признание Учителем (не толпой); ранг/аттестация как внутренняя веха; погружение как формат жизни.,Доступ к АО растёт вместе со стажем. Школа растёт вместе с ней: год 2 ≠ повторение года 1. Уровень собеседников; уважение к её пути.,"Неофиты снижают уровень: «материал опошляется», «школа одного авторитета» (R28). Клубы = «не мой формат»: «больше общения в Полисе, а не в клубах» — а неформального канала нет. Отклика на эссе мало: «пишу, чтобы мне отвечали» — а лайков и комментариев мало, и не от преподавателей (H2 + R-AM). «Мало общения высокого уровня между учениками» (R-AM). После вводного уровня некуда углубляться (R-AM, 05.07). Экзамены года-2 потеряли смысл, когда решила не идти дальше.","В предмете не новичок: начитана, свой понятийный аппарат (иногда вне академической рамки). Пишет сильно; письмо (эссе, переписка, посты) ей комфортнее клубов и созвонов по расписанию. С платформой справляется сама (кроме оплаты из РФ).",🟢 «Всё для меня и моего самообразования» (R-AM). 🟢 «Хотелось бы что-то вроде аськи Школы — чтобы в любой момент можно было кому-то написать и с кем-то пообщаться» (R-AM).,"Тип пути: Путь сообщества и созидания (по ступени зрелости; фактический мотив — Учитель и глубина). Сегмент: «Состоявшийся» (в маршрутизации Ольги — «Человек пути»). Ключевой вопрос: «С кем идти, где расти?» — её ответ: «с равными по глубине — или одна».",Учитель: МАКСИМАЛЬНАЯ — АО и есть продукт. Сообщество: потребность ВЫСОКАЯ — но в спонтанном неформальном общении равных по глубине («аська Школы»); клубы и расписания отвергает. Зрелость: продвинутая.,"Дверь: School €100 (+потенциал: погружения, консультации, продвинутые форматы). Вес: ~10% 🟡, но max LTV; лидеры мнений внутри. Риск: отток на границе года-2 → года-3.","🟡 интервью R-AM (05.07.2026) + R28; ушедший №8 (парный опросник). Поднять до 🟢: ещё 2–3 интервью продвинутых (Мастер I, топ-авторы эссе).",Продвинутый уровень → риск ухода (AS-IS + TO-BE).,"Ступени 7–8: «созидание» и «идентичность ученика» — развитие как образ жизни. Школа должна расти вместе с ней (год 2 ≠ год 1), иначе лестница обрывается — и она уходит.","По Ольге: «Архитектор Смыслов» + Полис. Реальность (R-AM): Полис в клубном формате не сработал. Для ступеней 7–8 оффера в линейке нет — продуктовая дыра: «салон» равных, погружения, содержательный год-3.","1) Неформальный сквозной канал — «аська Школы» / «салон» равных по глубине (R-AM) 🟢. 2) Гарантированный отклик на эссе от преподавателя/куратора (H2) 🟢. 3) Продвинутый уровень: погружения, первоисточники, год-3 ≠ повтор года-2 🟡. 4) Роль для зрелых: со-ведение чтений, наставничество — признание Учителем 🟡.","Реклама: соцсети — минимум 🟢, баннером её не поймать. В воронке появляется, когда квиз её распознаёт: все три шкалы ≥ 6 → вердикт «Всё стоит» = тег P5 — воронка ВПЕРВЫЕ видит продвинутых 🟢.
Вводная лексика страниц может оттолкнуть 🟡; захочет фрагмент тетради.
Письма: ветка L3 «Для тех, кто прошёл основы»; читает подробную программу, решает по количеству общения с экспертом 🟢."
