step_id,title,sub,map_stages,core,p1,p2,p3,p4,p5,milestone,extra
0,ДО СТАРТА РЕКЛАМЫ,чек-лист,,"ДО СТАРТА РЕКЛАМЫ : 1) свои og-теги страницы 🔴· 2) свёрстанный PDF фрагмента тетради 🔴 (Ирина?) · 3) переписать описание квиза под самопознание 🔴 4) отзывы на сайт, маршрут, школу и сообщество (файл Отзывы) 🔴 5) настройка событий в GA 🔴 6) тест платформы квиза и цепочек писем + событий в GA",,,,,,,
1,ТРИГГЕР,Реклама попала в запрос,этап 1 · ОРБИТА,"Листает Instagram. Баннер задаёт вопрос, который человек уже задавал себе сам: «Вы живёте, но это ваша жизнь?» · «жизнь по инерции» · «Есть ли у вас жизненная стратегия?» (линия А - Самопознание или линия Б - Школа).

Узнавание: «это про меня»; у части — «это же Баумейстер» (знаком по YouTube).

Действие: клик — или сохранил и вернётся позже (отложенный заход).","Цепляет строгая рамка: «системное образование», «основания» — без мотивационной подачи 🟡. 

Вероятнее линия Б (Школа). 

Риск: похожесть маршрута Самопознание на «психологию», тогда не кликнет.","ГЛАВНЫЙ адресат ⭐: Instagram - понятная ей сеть, «не своя жизнь / инерция» - ее сообщение. 

Линия А (самопознание). 

Родительский мотив (В8-D «передать близким») — чаще всего её 🟡.","Instagram - понятная ей сеть.

Русская речь издалека + слово «сообщество» 🟡. 

Кликает на рекламу реже — ей нужно увидеть жизнь, а баннер продаёт программу.","Instagram почти не листает (его каналы — YouTube и почта 🟢). 

Реклама его не ловит; 

входит прежним путём: тематическое видео → сайт → тот же квиз B1.","Соцсети — минимум 🟢. 

в воронке появится, когда квиз распознает её результатом «Всё стоит» (тег P5).","🏁 М1 Клик.
CTR/CPC у агентства; 

Прозрачность GA - FBads (настройки агентства);

Первые 2 недели калибровка.",
2,ОСОЗНАНИЕ,Клик → приземление,этап 2 · ОРБИТА→САЙТ,"Первые 5 секунд: «туда ли я попал?» — сверяет первый экран с обещанием баннера.

Линия А → /samopoznanie: H1 подхватывает язык рекламы («Самопознание - первый шаг к авторству жизни"" или ""Авторство начинается с оснований»); «€600 · рассрочка» видно в первые 10 сек.

Линия Б → Главная: «Станьте автором собственной жизни».

Не должно быть разрыва реклама↔страница, проблема закрыта в ТЗ; 

🔴 до старта: свои og-теги (превью ссылки (сейчас в превью Школа) спорит с банером, который о самопознании).",Чаще Главная: сканирует «что это и как устроено» — двери и понятная программа важнее историй.,"/samopoznanie: узнаёт слова баннера в H1 описании — импульс не гаснет 🟡; 
цена, времязатраты и рассрочка сразу видны — снят вопрос «во что ввязываюсь».","Ищет на странице живых людей: лица, встречи. Пока держится на слове «сообщество»; отзывы!!!🔴.","(если пришёл) Ищет тему и программу, сторителлинг пролистывает; 
путь к курсам должен быть виден с первого экрана.","Сканирует «есть ли здесь уровень»; 
вводная лексика может оттолкнуть 🟡 
захочет получить фрагмент тетради мировоззрение.","🏁 М2 Визит с UTM.
Доля визитов по настройкам рекламы (агентство); (сейчас Direct 43–46% 🟢);

динамика поведения на /главной и /самопознании;

LCP < 2,5 с (сейчас 5,7 с 🟢) - время зашрузки сайта.",
3,ЛЮБОПЫТСТВО,Осмотр → вход в квиз,этап 3 · САЙТ,"Скроллит 1–2 экрана, платить сходу не готов (холодный трафик), а другого действия на странице раньше и не было 🟢.

Предлагаем мягкий вход:
· Главная — hero «Найти свой путь →» или блок «Не выбрали, с чего начать? 8 вопросов…» [Пройти тест →];
· /samopoznanie — «Насколько вы себя знаете?» (S1).

Заставка обещает: увидите, что в мировоззрении осмыслено, а что сложилось само; в подарок — фрагмент тетради. 90 секунд, без регистрации и логина.","Квиз = любопытная самодиагностика: шкалы и баллы — его язык 🟡; 
проходит вдумчиво, если тон строгий.

Если не квиз, то Дверь ""стать АС"" -  программа Школы. Зайдет туда с другой страницы - или мы даем ссылку на подписку Школа на странице /самопознание 🔴?","Самый высокий отклик ⭐: «8 вопросов о вашей жизни» = приглашение поговорить о ней. 
Квиз без логина для нее хорошо. 

Если не квиз, то просмотр страницы /самопознание.","Квиз проходит из любопытства; 

Если не квиз, то должна войти на страницу /Сообщество. Проверим, пойдет ли туда.","Квизы недолюбливает: «мне нужен курс, а не тест» 🟡. 

Если не квиз, то просмотрит маршрут и пойдет смотреть отдельные курсы.","Квиз может раздражать 🟡;

Просмотрит /Самопознание и возможно уйдет на программу школы","🏁 М3 quiz_start.
% визитов со стартом квиза.
База для сравнения: в процессе🟢

GA схема кликов, Clarity отсмотр нескольких сессий по каждой Двери.",
4,РАССМОТРЕНИЕ + ЗАХВАТ,Квиз → вердикт → email,этапы 4+6 · САЙТ,"Квиз: 
8 вопросов: В1–В6 — три шкалы (Опора · Ясность · Цельность, 0–8). 
В7 «что откликается» = дверь (/главная, на /самопознание двери ведут на маршрут или в Школу); В8 = темп.
Экран результата: колонны + одна фраза + «что внутри фрагмента»; строка «Ваш путь» - это дверь из В7.
Фрагмент тетради (Задания №1–№2) — в обмен на email: лид взят. 

В Мейлере (встроен на involve.me) ставим теги: 3 шкалы, дверь, темп, флаг «родитель». 
Настройки когорт из Fbads - через UTM (?) стыкуем с Дверьми 🔴.

Тот же квиз на /samopoznanie — углубитель: с продуктовой страницы за €600 уводит только на Школу (корректировка формулировак в работе 🔴).","В7-B «научиться думать системно» → дверь ШКОЛА. 

Вероятный вердикт «Нет единой картины»: знаний много, целое не собрано 🟡.","В7-A «разобраться в себе» → дверь САМОПОЗНАНИЕ. 

Вероятный вердикт «Шаткие основания»: перелом = хромает опора 🟡. 

Флаг «передать близким» — чаще её.","В7-C «найти своих» → дверь ПОЛИС. 

Вероятный вердикт «Не хватает слов»: чувствует больше, чем формулирует 🟡.","В7-D «взять тему» → дверь КУРСЫ. 

Вердикт вторичен — он идёт за темой; тетрадь = проба формата 🟡.",Все три шкалы ≥ 6 → «Всё стоит» = тег P5: воронка впервые распознаёт продвинутых🟢.,"🏁 М4 quiz_complete — цель ≥ 60%. quiz_lead — цель ≥ 45%. 

Квиз сам проверяет персоны (крен В1–В6 × дверь В7 × реальные чекауты).","Крен В1–В6 × дверь В7, пояснение:
Каждый вариант ответа в шести первых вопросах несёт скрытый тег персоны: «опора — в продуманной системе принципов» = тег P1-система, «в своих ценностях» = P2-смысл, и т.д. 
Человек просто отвечает про свою жизнь, а по сумме тегов видно, к какой персоне он «кренится», хотя его об этом не спрашивали. 
В7 — явный выбор («разобраться в себе / думать системно / найти своих / взять тему»). Сверка: совпадает ли скрытый крен с явной дверью. 
Совпадает у большинства → персоны реальны, мотивные кластеры существуют. 
Не совпадает → персоны — наша конструкция, сегментацию пересматривать.

quiz_complete  { quiz_id: b1, quiz_source: main,
                 verdict: shatkoe_osnovanie, door: polis,
                 tempo: hot, parent: true }"
5,ОЦЕНКА + ПРОГРЕВ,Письма → возврат → решение,этапы 5+7 · EMAIL+САЙТ,"L1 (сразу): тетрадь + разбор трёх шкал + «у тетради есть продолжение» → продукт двери (ровно 2 ссылки).

L2 (+2 дня): активация тетради — цитата Марка Аврелия / Платона + один вопрос для письменной работы; можно ответить на письмо.

L3 (+5–6 дней): «как устроено изнутри» + CTA продукта; не готовым — парковка «Зайти в сообщество гостем»; 

Параллельно возвращается на сайт: цена · программа · отзывы · «как внутри». После цепочки — регулярная рассылка: не купивший не теряется.","Дверь Школа: L3 «Мышлению нужен собеседник» (свой вопрос — АО на живой встрече). 

Читает FAQ, cверяет School vs курс; сомнение «куплю и заброшу» 🟡.","Дверь Самопознание: L3 «Маршрут изнутри» — год, свой темп, малая группа, консультации АО = ответ на «потяну ли» 🟡; 

Читает FAQ, ищут времязатраты.

€600 в рассрочку (Klarna). 

Родительская вставка перед CTA — её дедлайн (ребенок уже задает вопросы, но есть ли у меня ответы?).","Дверь Полис: L3 «Когда не с кем обсудить» — «гостем» и есть её первый шаг внутрь 🟡. 

Ищет календарь живых встреч и лица.","Дверь Курсы: L3 «Одна тема, разобранная до основания». 

Решает по фактам: цена, программа, старт - это должно быть видимо и ясно прописано.
🟢","Ветка P5 в L3: Для тех, кто прошёл основы; 

Читает подробную программу.
Решает по количеству общения с экспертом.🟢","🏁 М5 Тетрадь открыта · open rate L1–L3.
🏁 М6 Клик «двери»; входы «гостем».

Метрика решения: лид → чекаут.",
6,ОПЛАТА,,этап 8 · ШОВ Wix→Circle,"Жмёт «купить» → чекаут Circle (Stripe). EU: Klarna (рассрочка) ✓.
⚠️ Украина и РФ: у кого нет PayPal или карты иностранного банка — срыв оплаты неизбежен. технического решения пока нет.
РФ+UA ≈ 44% аудитории 🟢— закладывать в план продаж; в письмах и на странице оплаты вести на PayPal / иностранную карту/ крипту.",Эмигрант/номад платит без барьера; РФ-часть сегмента не может.,Для €600 рассрочка критична: Klarna ✓ (EU). РФ/UA-часть не может.,Эмигрант/номад платит без барьера; РФ-часть сегмента не может.,"Разовая €220: важен способ оплаты, не рассрочка. РФ/UA-часть не может.",РФ/UA-часть не может.; письмо-инструкция при продлении.,"🏁 М7 Чекаут → оплата.
Сейчас (июнь) 10:1 (1011 чекаут → 97 подписок 🟢); failed 6% — люди не начинают оплату 🟢.
Раздельно следить за конверсией оплат EU и UA/РФ.","ловить и удерживать (mail) тех, кто не смог заплатить. Это ядро для активации при первой возможности."
